Name,CandidatesForFusion,NumberOfBranches,|
MultiSource/Applications/aha/aha,1,71
MultiSource/Applications/ALAC/decode/alacconvert-decode,14,459
MultiSource/Applications/ALAC/encode/alacconvert-encode,14,459
MultiSource/Applications/Burg/burg,3,573
MultiSource/Applications/ClamAV/clamscan,75,9859
MultiSource/Applications/d/make_dparser,15,1843
MultiSource/Applications/hbd/hbd,8,421
MultiSource/Applications/hexxagon/hexxagon,8,300
MultiSource/Applications/JM/ldecod/ldecod,62,3893
MultiSource/Applications/JM/lencod/lencod,178,8973
MultiSource/Applications/kimwitu++/kc,229,4890
MultiSource/Applications/lambda-0.1.3/lambda,2,612
MultiSource/Applications/lemon/lemon,*,855
MultiSource/Applications/lua/lua,23,1684
MultiSource/Applications/minisat/minisat,27,269
MultiSource/Applications/oggenc/oggenc,38,2469
MultiSource/Applications/sgefa/sgefa,*,219
MultiSource/Applications/SIBsim4/SIBsim4,2,699
MultiSource/Applications/siod/siod,54,1211
MultiSource/Applications/SPASS/SPASS,581,7446
MultiSource/Applications/spiff/spiff,4,483
MultiSource/Applications/sqlite3/sqlite3,98,6724
MultiSource/Applications/treecc/treecc,29,1570
MultiSource/Applications/viterbi/viterbi,*,49
MultiSource/Benchmarks/7zip/7zip-benchmark,58,17735
MultiSource/Benchmarks/ASC_Sequoia/AMGmk/AMGmk,2,206
MultiSource/Benchmarks/ASC_Sequoia/CrystalMk/CrystalMk,*,31
MultiSource/Benchmarks/ASC_Sequoia/IRSmk/IRSmk,*,11
MultiSource/Benchmarks/ASCI_Purple/SMG2000/smg2000,54,2815
MultiSource/Benchmarks/BitBench/drop3/drop3,*,29
MultiSource/Benchmarks/BitBench/five11/five11,*,12
MultiSource/Benchmarks/BitBench/uudecode/uudecode,*,14
MultiSource/Benchmarks/BitBench/uuencode/uuencode,1,11
MultiSource/Benchmarks/Bullet/bullet,375,4731
MultiSource/Benchmarks/Fhourstones/fhourstones,*,83
MultiSource/Benchmarks/Fhourstones-3.1/fhourstones3.1,*,65
MultiSource/Benchmarks/FreeBench/analyzer/analyzer,*,121
MultiSource/Benchmarks/FreeBench/distray/distray,*,33
MultiSource/Benchmarks/FreeBench/fourinarow/fourinarow,3,144
MultiSource/Benchmarks/FreeBench/mason/mason,*,39
MultiSource/Benchmarks/FreeBench/neural/neural,*,82
MultiSource/Benchmarks/FreeBench/pcompress2/pcompress2,1,71
MultiSource/Benchmarks/FreeBench/pifft/pifft,9,288
MultiSource/Benchmarks/llubenchmark/llu,*,15
MultiSource/Benchmarks/mafft/pairlocalalign,17,4651
MultiSource/Benchmarks/MallocBench/cfrac/cfrac,2,483
MultiSource/Benchmarks/MallocBench/espresso/espresso,5,2264
MultiSource/Benchmarks/MallocBench/gs/gs,13,2416
MultiSource/Benchmarks/McCat/01-qbsort/qbsort,1,26
MultiSource/Benchmarks/McCat/03-testtrie/testtrie,1,26
MultiSource/Benchmarks/McCat/04-bisect/bisect,*,24
MultiSource/Benchmarks/McCat/05-eks/eks,1,86
MultiSource/Benchmarks/McCat/08-main/main,*,61
MultiSource/Benchmarks/McCat/09-vor/vor,13,159
MultiSource/Benchmarks/McCat/12-IOtest/iotest,*,4
MultiSource/Benchmarks/McCat/15-trie/trie,*,28
MultiSource/Benchmarks/McCat/17-bintr/bintr,*,24
MultiSource/Benchmarks/McCat/18-imp/imp,*,221
MultiSource/Benchmarks/mediabench/adpcm/rawcaudio/rawcaudio,*,24
MultiSource/Benchmarks/mediabench/adpcm/rawdaudio/rawdaudio,*,24
MultiSource/Benchmarks/mediabench/g721/g721encode/encode,*,93
MultiSource/Benchmarks/mediabench/gsm/toast/toast,*,398
MultiSource/Benchmarks/mediabench/jpeg/jpeg-6a/cjpeg,7,1993
MultiSource/Benchmarks/mediabench/mpeg2/mpeg2dec/mpeg2decode,24,721
MultiSource/Benchmarks/MiBench/automotive-basicmath/automotive-basicmath,*,21
MultiSource/Benchmarks/MiBench/automotive-bitcount/automotive-bitcount,*,21
MultiSource/Benchmarks/MiBench/automotive-susan/automotive-susan,*,329
MultiSource/Benchmarks/MiBench/consumer-jpeg/consumer-jpeg,9,1911
MultiSource/Benchmarks/MiBench/consumer-lame/consumer-lame,16,1593
MultiSource/Benchmarks/MiBench/consumer-typeset/consumer-typeset,55,9937
MultiSource/Benchmarks/MiBench/network-dijkstra/network-dijkstra,*,16
MultiSource/Benchmarks/MiBench/network-patricia/network-patricia,6,57
MultiSource/Benchmarks/MiBench/office-ispell/office-ispell,7,1144
MultiSource/Benchmarks/MiBench/office-stringsearch/office-stringsearch,1,47
MultiSource/Benchmarks/MiBench/security-blowfish/security-blowfish,1,63
MultiSource/Benchmarks/MiBench/security-rijndael/security-rijndael,1,53
MultiSource/Benchmarks/MiBench/security-sha/security-sha,*,19
MultiSource/Benchmarks/MiBench/telecomm-adpcm/telecomm-adpcm,*,24
MultiSource/Benchmarks/MiBench/telecomm-CRC32/telecomm-CRC32,*,6
MultiSource/Benchmarks/MiBench/telecomm-FFT/telecomm-fft,*,25
MultiSource/Benchmarks/MiBench/telecomm-gsm/telecomm-gsm,*,398
MultiSource/Benchmarks/nbench/nbench,10,463
MultiSource/Benchmarks/NPB-serial/is/is,*,33
MultiSource/Benchmarks/Olden/bh/bh,*,197
MultiSource/Benchmarks/Olden/bisort/bisort,*,20
MultiSource/Benchmarks/Olden/em3d/em3d,*,38
MultiSource/Benchmarks/Olden/health/health,5,30
MultiSource/Benchmarks/Olden/mst/mst,*,34
MultiSource/Benchmarks/Olden/perimeter/perimeter,3,44
MultiSource/Benchmarks/Olden/power/power,1,38
MultiSource/Benchmarks/Olden/treeadd/treeadd,*,5
MultiSource/Benchmarks/Olden/tsp/tsp,7,36
MultiSource/Benchmarks/Olden/voronoi/voronoi,1,50
MultiSource/Benchmarks/PAQ8p/paq8p,39,991
MultiSource/Benchmarks/Prolangs-C/agrep/agrep,*,871
MultiSource/Benchmarks/Prolangs-C/allroots/allroots,4,18
MultiSource/Benchmarks/Prolangs-C/assembler/assembler,2,321
MultiSource/Benchmarks/Prolangs-C/bison/mybison,1,896
MultiSource/Benchmarks/Prolangs-C/cdecl/cdecl,*,221
MultiSource/Benchmarks/Prolangs-C/compiler/compiler,24,346
MultiSource/Benchmarks/Prolangs-C/fixoutput/fixoutput,*,17
MultiSource/Benchmarks/Prolangs-C/football/football,13,558
MultiSource/Benchmarks/Prolangs-C/gnugo/gnugo,2,444
MultiSource/Benchmarks/Prolangs-C/loader/loader,3,133
MultiSource/Benchmarks/Prolangs-C/simulator/simulator,5,597
MultiSource/Benchmarks/Prolangs-C/TimberWolfMC/timberwolfmc,30,4160
MultiSource/Benchmarks/Prolangs-C/unix-smail/unix-smail,1,424
MultiSource/Benchmarks/Prolangs-C/unix-tbl/unix-tbl,3,696
MultiSource/Benchmarks/Prolangs-C++/city/city,5,55
MultiSource/Benchmarks/Prolangs-C++/deriv1/deriv1,*,1
MultiSource/Benchmarks/Prolangs-C++/deriv2/deriv2,*,39
MultiSource/Benchmarks/Prolangs-C++/employ/employ,*,20
MultiSource/Benchmarks/Prolangs-C++/family/family,*,3
MultiSource/Benchmarks/Prolangs-C++/fsm/fsm,*,12
MultiSource/Benchmarks/Prolangs-C++/garage/garage,*,9
MultiSource/Benchmarks/Prolangs-C++/life/life,2,23
MultiSource/Benchmarks/Prolangs-C++/NP/np,*,*
MultiSource/Benchmarks/Prolangs-C++/objects/objects,*,43
MultiSource/Benchmarks/Prolangs-C++/ocean/ocean,1,35
MultiSource/Benchmarks/Prolangs-C++/office/office,1,2
MultiSource/Benchmarks/Prolangs-C++/primes/primes,*,2
MultiSource/Benchmarks/Prolangs-C++/shapes/shapes,1,21
MultiSource/Benchmarks/Prolangs-C++/simul/simul,*,34
MultiSource/Benchmarks/Prolangs-C++/trees/trees,2,19
MultiSource/Benchmarks/Prolangs-C++/vcirc/vcirc,*,4
MultiSource/Benchmarks/Ptrdist/anagram/anagram,*,57
MultiSource/Benchmarks/Ptrdist/bc/bc,23,590
MultiSource/Benchmarks/Ptrdist/ft/ft,2,80
MultiSource/Benchmarks/Ptrdist/ks/ks,*,66
MultiSource/Benchmarks/Ptrdist/yacr2/yacr2,1,415
MultiSource/Benchmarks/SciMark2-C/scimark2,*,80
MultiSource/Benchmarks/sim/sim,1,325
MultiSource/Benchmarks/tramp3d-v4/tramp3d-v4,281,3016
MultiSource/Benchmarks/Trimaran/enc-3des/enc-3des,*,23
MultiSource/Benchmarks/Trimaran/enc-md5/enc-md5,*,14
MultiSource/Benchmarks/Trimaran/enc-pc1/enc-pc1,*,8
MultiSource/Benchmarks/Trimaran/enc-rc4/enc-rc4,*,8
MultiSource/Benchmarks/Trimaran/netbench-crc/netbench-crc,*,10
MultiSource/Benchmarks/Trimaran/netbench-url/netbench-url,1,47
MultiSource/Benchmarks/TSVC/ControlFlow-dbl/ControlFlow-dbl,*,254
MultiSource/Benchmarks/TSVC/ControlFlow-flt/ControlFlow-flt,*,254
MultiSource/Benchmarks/TSVC/ControlLoops-dbl/ControlLoops-dbl,*,211
MultiSource/Benchmarks/TSVC/ControlLoops-flt/ControlLoops-flt,*,211
MultiSource/Benchmarks/TSVC/CrossingThresholds-dbl/CrossingThresholds-dbl,*,204
MultiSource/Benchmarks/TSVC/CrossingThresholds-flt/CrossingThresholds-flt,*,204
MultiSource/Benchmarks/TSVC/Equivalencing-dbl/Equivalencing-dbl,*,198
MultiSource/Benchmarks/TSVC/Equivalencing-flt/Equivalencing-flt,*,198
MultiSource/Benchmarks/TSVC/Expansion-dbl/Expansion-dbl,*,211
MultiSource/Benchmarks/TSVC/Expansion-flt/Expansion-flt,*,211
MultiSource/Benchmarks/TSVC/GlobalDataFlow-dbl/GlobalDataFlow-dbl,*,205
MultiSource/Benchmarks/TSVC/GlobalDataFlow-flt/GlobalDataFlow-flt,*,205
MultiSource/Benchmarks/TSVC/IndirectAddressing-dbl/IndirectAddressing-dbl,*,197
MultiSource/Benchmarks/TSVC/IndirectAddressing-flt/IndirectAddressing-flt,*,197
MultiSource/Benchmarks/TSVC/InductionVariable-dbl/InductionVariable-dbl,*,205
MultiSource/Benchmarks/TSVC/InductionVariable-flt/InductionVariable-flt,*,205
MultiSource/Benchmarks/TSVC/LinearDependence-dbl/LinearDependence-dbl,*,217
MultiSource/Benchmarks/TSVC/LinearDependence-flt/LinearDependence-flt,*,217
MultiSource/Benchmarks/TSVC/LoopRerolling-dbl/LoopRerolling-dbl,*,191
MultiSource/Benchmarks/TSVC/LoopRerolling-flt/LoopRerolling-flt,*,191
MultiSource/Benchmarks/TSVC/LoopRestructuring-dbl/LoopRestructuring-dbl,*,209
MultiSource/Benchmarks/TSVC/LoopRestructuring-flt/LoopRestructuring-flt,*,209
MultiSource/Benchmarks/TSVC/NodeSplitting-dbl/NodeSplitting-dbl,*,195
MultiSource/Benchmarks/TSVC/NodeSplitting-flt/NodeSplitting-flt,*,195
MultiSource/Benchmarks/TSVC/Packing-dbl/Packing-dbl,*,193
MultiSource/Benchmarks/TSVC/Packing-flt/Packing-flt,*,193
MultiSource/Benchmarks/TSVC/Recurrences-dbl/Recurrences-dbl,*,189
MultiSource/Benchmarks/TSVC/Recurrences-flt/Recurrences-flt,*,189
MultiSource/Benchmarks/TSVC/Reductions-dbl/Reductions-dbl,*,224
MultiSource/Benchmarks/TSVC/Reductions-flt/Reductions-flt,*,224
MultiSource/Benchmarks/TSVC/Searching-dbl/Searching-dbl,*,190
MultiSource/Benchmarks/TSVC/Searching-flt/Searching-flt,*,190
MultiSource/Benchmarks/TSVC/StatementReordering-dbl/StatementReordering-dbl,*,189
MultiSource/Benchmarks/TSVC/StatementReordering-flt/StatementReordering-flt,*,189
MultiSource/Benchmarks/TSVC/Symbolics-dbl/Symbolics-dbl,*,196
MultiSource/Benchmarks/TSVC/Symbolics-flt/Symbolics-flt,*,196
MultiSource/Benchmarks/VersaBench/8b10b/8b10b,*,11
MultiSource/Benchmarks/VersaBench/beamformer/beamformer,*,33
MultiSource/Benchmarks/VersaBench/bmm/bmm,*,14
MultiSource/Benchmarks/VersaBench/dbms/dbms,2,316
MultiSource/Benchmarks/VersaBench/ecbdes/ecbdes,*,24
SingleSource/Benchmarks/Adobe-C++/functionobjects,8,207
SingleSource/Benchmarks/Adobe-C++/loop_unroll,*,1045
SingleSource/Benchmarks/Adobe-C++/simple_types_constant_folding,*,892
SingleSource/Benchmarks/Adobe-C++/simple_types_loop_invariant,*,523
SingleSource/Benchmarks/Adobe-C++/stepanov_abstraction,12,171
SingleSource/Benchmarks/Adobe-C++/stepanov_vector,22,176
SingleSource/Benchmarks/BenchmarkGame/Large/fasta,*,10
SingleSource/Benchmarks/BenchmarkGame/fannkuch,*,14
SingleSource/Benchmarks/BenchmarkGame/n-body,*,7
SingleSource/Benchmarks/BenchmarkGame/nsieve-bits,*,7
SingleSource/Benchmarks/BenchmarkGame/partialsums,*,2
SingleSource/Benchmarks/BenchmarkGame/puzzle,*,7
SingleSource/Benchmarks/BenchmarkGame/recursive,*,6
SingleSource/Benchmarks/BenchmarkGame/spectral-norm,*,8
SingleSource/Benchmarks/CoyoteBench/almabench,*,13
SingleSource/Benchmarks/CoyoteBench/fftbench,*,47
SingleSource/Benchmarks/CoyoteBench/huffbench,*,43
SingleSource/Benchmarks/CoyoteBench/lpbench,*,39
SingleSource/Benchmarks/Dhrystone/dry,*,20
SingleSource/Benchmarks/Dhrystone/fldry,*,20
SingleSource/Benchmarks/Linpack/linpack-pc,1,79
SingleSource/Benchmarks/McGill/chomp,*,50
SingleSource/Benchmarks/McGill/exptree,*,39
SingleSource/Benchmarks/McGill/misr,*,28
SingleSource/Benchmarks/McGill/queens,*,23
SingleSource/Benchmarks/Misc/dt,*,3
SingleSource/Benchmarks/Misc/fbench,1,18
SingleSource/Benchmarks/Misc/ffbench,*,29
SingleSource/Benchmarks/Misc/flops-1,*,1
SingleSource/Benchmarks/Misc/flops-2,*,2
SingleSource/Benchmarks/Misc/flops-3,*,1
SingleSource/Benchmarks/Misc/flops-4,*,1
SingleSource/Benchmarks/Misc/flops-5,*,1
SingleSource/Benchmarks/Misc/flops-6,*,1
SingleSource/Benchmarks/Misc/flops-7,*,1
SingleSource/Benchmarks/Misc/flops-8,*,1
SingleSource/Benchmarks/Misc/flops,1,14
SingleSource/Benchmarks/Misc/fp-convert,*,4
SingleSource/Benchmarks/Misc/himenobmtxpa,*,26
SingleSource/Benchmarks/Misc/lowercase,*,8
SingleSource/Benchmarks/Misc/mandel-2,*,4
SingleSource/Benchmarks/Misc/mandel,*,4
SingleSource/Benchmarks/Misc/matmul_f64_4x4,*,4
SingleSource/Benchmarks/Misc/oourafft,*,49
SingleSource/Benchmarks/Misc/perlin,*,10
SingleSource/Benchmarks/Misc/pi,*,2
SingleSource/Benchmarks/Misc/ReedSolomon,*,86
SingleSource/Benchmarks/Misc/richards_benchmark,1,27
SingleSource/Benchmarks/Misc/salsa20,1,6
SingleSource/Benchmarks/Misc/whetstone,*,30
SingleSource/Benchmarks/Misc-C++/Large/ray,*,26
SingleSource/Benchmarks/Misc-C++/Large/sphereflake,1,33
SingleSource/Benchmarks/Misc-C++/bigfib,7,71
SingleSource/Benchmarks/Misc-C++/mandel-text,*,9
SingleSource/Benchmarks/Misc-C++/oopack_v1p8,1,38
SingleSource/Benchmarks/Misc-C++/stepanov_container,25,187
SingleSource/Benchmarks/Misc-C++/stepanov_v1p2,*,33
SingleSource/Benchmarks/Misc-C++-EH/spirit,8,496
SingleSource/Benchmarks/Polybench/datamining/correlation/correlation,*,18
SingleSource/Benchmarks/Polybench/datamining/covariance/covariance,*,15
SingleSource/Benchmarks/Polybench/linear-algebra/kernels/2mm/2mm,*,20
SingleSource/Benchmarks/Polybench/linear-algebra/kernels/3mm/3mm,*,23
SingleSource/Benchmarks/Polybench/linear-algebra/kernels/atax/atax,*,12
SingleSource/Benchmarks/Polybench/linear-algebra/kernels/bicg/bicg,*,13
SingleSource/Benchmarks/Polybench/linear-algebra/kernels/cholesky/cholesky,*,12
SingleSource/Benchmarks/Polybench/linear-algebra/kernels/doitgen/doitgen,*,17
SingleSource/Benchmarks/Polybench/linear-algebra/kernels/gemm/gemm,*,15
SingleSource/Benchmarks/Polybench/linear-algebra/kernels/gemver/gemver,*,14
SingleSource/Benchmarks/Polybench/linear-algebra/kernels/gesummv/gesummv,*,9
SingleSource/Benchmarks/Polybench/linear-algebra/kernels/mvt/mvt,*,11
SingleSource/Benchmarks/Polybench/linear-algebra/kernels/symm/symm,*,13
SingleSource/Benchmarks/Polybench/linear-algebra/kernels/syr2k/syr2k,*,15
SingleSource/Benchmarks/Polybench/linear-algebra/kernels/syrk/syrk,*,15
SingleSource/Benchmarks/Polybench/linear-algebra/kernels/trisolv/trisolv,*,9
SingleSource/Benchmarks/Polybench/linear-algebra/kernels/trmm/trmm,*,11
SingleSource/Benchmarks/Polybench/linear-algebra/solvers/durbin/durbin,*,11
SingleSource/Benchmarks/Polybench/linear-algebra/solvers/dynprog/dynprog,*,11
SingleSource/Benchmarks/Polybench/linear-algebra/solvers/gramschmidt/gramschmidt,*,22
SingleSource/Benchmarks/Polybench/linear-algebra/solvers/lu/lu,*,12
SingleSource/Benchmarks/Polybench/medley/floyd-warshall/floyd-warshall,*,12
SingleSource/Benchmarks/Polybench/medley/reg_detect/reg_detect,*,18
SingleSource/Benchmarks/Polybench/stencils/adi/adi,*,19
SingleSource/Benchmarks/Polybench/stencils/fdtd-2d/fdtd-2d,*,17
SingleSource/Benchmarks/Polybench/stencils/fdtd-apml/fdtd-apml,*,17
SingleSource/Benchmarks/Polybench/stencils/jacobi-1d-imper/jacobi-1d-imper,*,9
SingleSource/Benchmarks/Polybench/stencils/jacobi-2d-imper/jacobi-2d-imper,*,13
SingleSource/Benchmarks/Polybench/stencils/seidel-2d/seidel-2d,*,11
SingleSource/Benchmarks/Shootout/ackermann,1,3
SingleSource/Benchmarks/Shootout/ary3,*,4
SingleSource/Benchmarks/Shootout/fib2,*,2
SingleSource/Benchmarks/Shootout/hash,1,15
SingleSource/Benchmarks/Shootout/heapsort,*,8
SingleSource/Benchmarks/Shootout/hello,*,*
SingleSource/Benchmarks/Shootout/lists,*,23
SingleSource/Benchmarks/Shootout/matrix,*,10
SingleSource/Benchmarks/Shootout/methcall,*,4
SingleSource/Benchmarks/Shootout/nestedloop,*,7
SingleSource/Benchmarks/Shootout/objinst,*,7
SingleSource/Benchmarks/Shootout/random,1,2
SingleSource/Benchmarks/Shootout/sieve,*,6
SingleSource/Benchmarks/Shootout/strcat,*,6
SingleSource/Benchmarks/Shootout-C++/EH/except,*,7
SingleSource/Benchmarks/Shootout-C++/ackermann,*,4
SingleSource/Benchmarks/Shootout-C++/ary,*,7
SingleSource/Benchmarks/Shootout-C++/ary2,*,7
SingleSource/Benchmarks/Shootout-C++/ary3,*,9
SingleSource/Benchmarks/Shootout-C++/fibo,*,2
SingleSource/Benchmarks/Shootout-C++/hash,2,33
SingleSource/Benchmarks/Shootout-C++/hash2,2,39
SingleSource/Benchmarks/Shootout-C++/heapsort,*,8
SingleSource/Benchmarks/Shootout-C++/hello,*,1
SingleSource/Benchmarks/Shootout-C++/lists,*,18
SingleSource/Benchmarks/Shootout-C++/lists1,*,22
SingleSource/Benchmarks/Shootout-C++/matrix,*,11
SingleSource/Benchmarks/Shootout-C++/methcall,*,7
SingleSource/Benchmarks/Shootout-C++/moments,5,44
SingleSource/Benchmarks/Shootout-C++/nestedloop,*,7
SingleSource/Benchmarks/Shootout-C++/objinst,*,11
SingleSource/Benchmarks/Shootout-C++/random,*,2
SingleSource/Benchmarks/Shootout-C++/reversefile,2,26
SingleSource/Benchmarks/Shootout-C++/sieve,*,18
SingleSource/Benchmarks/Shootout-C++/spellcheck,3,38
SingleSource/Benchmarks/Shootout-C++/strcat,*,6
SingleSource/Benchmarks/Shootout-C++/sumcol,*,2
SingleSource/Benchmarks/Shootout-C++/wc,*,8
SingleSource/Benchmarks/Shootout-C++/wordfreq,8,75
SingleSource/Benchmarks/SmallPT/smallpt,3,34
SingleSource/Benchmarks/Stanford/Bubblesort,*,9
SingleSource/Benchmarks/Stanford/FloatMM,*,7
SingleSource/Benchmarks/Stanford/IntMM,*,6
SingleSource/Benchmarks/Stanford/Oscar,*,16
SingleSource/Benchmarks/Stanford/Perm,*,6
SingleSource/Benchmarks/Stanford/Puzzle,*,63
SingleSource/Benchmarks/Stanford/Queens,*,15
SingleSource/Benchmarks/Stanford/Quicksort,*,12
SingleSource/Benchmarks/Stanford/RealMM,*,6
SingleSource/Benchmarks/Stanford/Towers,1,10
SingleSource/Benchmarks/Stanford/Treesort,*,16
SingleSource/Regression/C/2003-05-14-initialize-string,*,*
SingleSource/Regression/C/2003-05-21-BitfieldHandling,*,*
SingleSource/Regression/C/2003-05-21-UnionBitfields,*,2
SingleSource/Regression/C/2003-05-21-UnionTest,*,*
SingleSource/Regression/C/2003-05-22-LocalTypeTest,*,*
SingleSource/Regression/C/2003-05-22-VarSizeArray,*,*
SingleSource/Regression/C/2003-05-23-TransparentUnion,*,1
SingleSource/Regression/C/2003-06-16-InvalidInitializer,*,*
SingleSource/Regression/C/2003-06-16-VolatileError,*,*
SingleSource/Regression/C/2003-10-12-GlobalVarInitializers,*,*
SingleSource/Regression/C/2004-02-03-AggregateCopy,*,*
SingleSource/Regression/C/2004-03-15-IndirectGoto,*,*
SingleSource/Regression/C/2004-08-12-InlinerAndAllocas,*,2
SingleSource/Regression/C/2005-05-06-LongLongSignedShift,*,*
SingleSource/Regression/C/2008-01-07-LongDouble,*,*
SingleSource/Regression/C/badidx,*,2
SingleSource/Regression/C/bigstack,*,9
SingleSource/Regression/C/callargs,*,*
SingleSource/Regression/C/casts,*,6
SingleSource/Regression/C/compare,*,2
SingleSource/Regression/C/ConstructorDestructorAttributes,*,*
SingleSource/Regression/C/DuffsDevice,*,2
SingleSource/Regression/C/globalrefs,*,2
SingleSource/Regression/C/matrixTranspose,*,5
SingleSource/Regression/C/pointer_arithmetic,*,*
SingleSource/Regression/C/PR10189,*,5
SingleSource/Regression/C/PR1386,*,*
SingleSource/Regression/C/PR491,*,2
SingleSource/Regression/C/PR640,*,17
SingleSource/Regression/C/sumarray,*,3
SingleSource/Regression/C/sumarray2d,*,6
SingleSource/Regression/C/sumarraymalloc,*,4
SingleSource/Regression/C/test_indvars,*,8
SingleSource/Regression/C/testtrace,*,4
SingleSource/Regression/C/uint64_to_float,*,9
SingleSource/Regression/C++/EH/ConditionalExpr,1,3
SingleSource/Regression/C++/EH/ctor_dtor_count-2,*,1
SingleSource/Regression/C++/EH/ctor_dtor_count,*,1
SingleSource/Regression/C++/EH/dead_try_block,*,*
SingleSource/Regression/C++/EH/exception_spec_test,*,4
SingleSource/Regression/C++/EH/function_try_block,*,2
SingleSource/Regression/C++/EH/inlined_cleanup,*,1
SingleSource/Regression/C++/EH/recursive-throw,*,4
SingleSource/Regression/C++/EH/simple_rethrow,*,1
SingleSource/Regression/C++/EH/simple_throw,*,*
SingleSource/Regression/C++/EH/throw_rethrow_test,*,7
SingleSource/Regression/C++/2003-05-14-array-init,*,*
SingleSource/Regression/C++/2003-05-14-expr_stmt,*,*
SingleSource/Regression/C++/2003-06-08-BaseType,*,*
SingleSource/Regression/C++/2003-06-08-VirtualFunctions,*,*
SingleSource/Regression/C++/2003-06-13-Crasher,*,*
SingleSource/Regression/C++/2003-08-20-EnumSizeProblem,*,*
SingleSource/Regression/C++/2003-09-29-NonPODsByValue,*,*
SingleSource/Regression/C++/2008-01-29-ParamAliasesReturn,*,*
SingleSource/Regression/C++/2011-03-28-Bitfield,*,4
SingleSource/Regression/C++/BuiltinTypeInfo,*,*
SingleSource/Regression/C++/fixups,*,10
SingleSource/Regression/C++/global_ctor,*,*
SingleSource/Regression/C++/global_type,*,*
SingleSource/Regression/C++/ofstream_ctor,*,*
SingleSource/Regression/C++/pointer_member,*,*
SingleSource/Regression/C++/pointer_method,*,1
SingleSource/Regression/C++/pointer_method2,*,3
SingleSource/Regression/C++/short_circuit_dtor,*,4
SingleSource/UnitTests/ObjC/bitfield-access-2,*,3
SingleSource/UnitTests/ObjC/bitfield-access,*,*
SingleSource/UnitTests/ObjC/block-byref-aggr,*,*
SingleSource/UnitTests/ObjC/BoolLiteralTest,*,1
SingleSource/UnitTests/ObjC/constant-strings,*,*
SingleSource/UnitTests/ObjC/dot-syntax-1,*,*
SingleSource/UnitTests/ObjC/dot-syntax-2,*,*
SingleSource/UnitTests/ObjC/dot-syntax,*,*
SingleSource/UnitTests/ObjC/exceptions-2,*,2
SingleSource/UnitTests/ObjC/exceptions-3,*,4
SingleSource/UnitTests/ObjC/exceptions-4,*,5
SingleSource/UnitTests/ObjC/exceptions,*,31
SingleSource/UnitTests/ObjC/for-in,*,10
SingleSource/UnitTests/ObjC/instance-method-metadata,*,*
SingleSource/UnitTests/ObjC/messages-2,*,6
SingleSource/UnitTests/ObjC/messages,*,1
SingleSource/UnitTests/ObjC/parameter-passing,*,*
SingleSource/UnitTests/ObjC/predefined-expr-in-method,*,*
SingleSource/UnitTests/ObjC/property,*,*
SingleSource/UnitTests/ObjC/protocols,*,*
SingleSource/UnitTests/ObjC/synchronized,*,3
SingleSource/UnitTests/ObjC/trivial-interface,*,*
SingleSource/UnitTests/ObjC++/Hello,*,3
SingleSource/UnitTests/ObjC++/property-reference-object,*,1
SingleSource/UnitTests/ObjC++/property-reference,*,15
SingleSource/UnitTests/ObjC++/reference-in-block-args,*,2
SingleSource/UnitTests/2002-04-17-PrintfChar,*,*
SingleSource/UnitTests/2002-05-02-ArgumentTest,*,*
SingleSource/UnitTests/2002-05-02-CastTest,*,2
SingleSource/UnitTests/2002-05-02-CastTest1,*,*
SingleSource/UnitTests/2002-05-02-CastTest2,*,1
SingleSource/UnitTests/2002-05-02-CastTest3,*,1
SingleSource/UnitTests/2002-05-02-ManyArguments,*,*
SingleSource/UnitTests/2002-05-03-NotTest,*,6
SingleSource/UnitTests/2002-05-19-DivTest,*,*
SingleSource/UnitTests/2002-08-02-CastTest,*,*
SingleSource/UnitTests/2002-08-02-CastTest2,*,*
SingleSource/UnitTests/2002-08-19-CodegenBug,*,1
SingleSource/UnitTests/2002-10-09-ArrayResolution,*,1
SingleSource/UnitTests/2002-10-12-StructureArgs,*,*
SingleSource/UnitTests/2002-10-12-StructureArgsSimple,*,*
SingleSource/UnitTests/2002-10-13-BadLoad,*,*
SingleSource/UnitTests/2002-12-13-MishaTest,*,2
SingleSource/UnitTests/2003-04-22-Switch,*,1
SingleSource/UnitTests/2003-05-02-DependentPHI,*,2
SingleSource/UnitTests/2003-05-07-VarArgs,*,8
SingleSource/UnitTests/2003-05-12-MinIntProblem,*,1
SingleSource/UnitTests/2003-05-14-AtExit,*,*
SingleSource/UnitTests/2003-05-26-Shorts,*,*
SingleSource/UnitTests/2003-05-31-CastToBool,*,2
SingleSource/UnitTests/2003-05-31-LongShifts,*,1
SingleSource/UnitTests/2003-07-06-IntOverflow,*,1
SingleSource/UnitTests/2003-07-08-BitOpsTest,*,*
SingleSource/UnitTests/2003-07-09-LoadShorts,*,*
SingleSource/UnitTests/2003-07-09-SignedArgs,*,6
SingleSource/UnitTests/2003-07-10-SignConversions,*,*
SingleSource/UnitTests/2003-08-05-CastFPToUint,*,*
SingleSource/UnitTests/2003-08-11-VaListArg,*,8
SingleSource/UnitTests/2003-08-20-FoldBug,*,1
SingleSource/UnitTests/2003-09-18-BitFieldTest,*,*
SingleSource/UnitTests/2003-10-13-SwitchTest,*,*
SingleSource/UnitTests/2003-10-29-ScalarReplBug,*,*
SingleSource/UnitTests/2004-02-02-NegativeZero,*,*
SingleSource/UnitTests/2004-06-20-StaticBitfieldInit,*,*
SingleSource/UnitTests/2004-11-28-GlobalBoolLayout,*,1
SingleSource/UnitTests/2005-05-11-Popcount-ffs-fls,1,3
SingleSource/UnitTests/2005-05-12-Int64ToFP,*,1
SingleSource/UnitTests/2005-05-13-SDivTwo,*,1
SingleSource/UnitTests/2005-07-15-Bitfield-ABI,*,*
SingleSource/UnitTests/2005-07-17-INT-To-FP,*,2
SingleSource/UnitTests/2005-11-29-LongSwitch,*,*
SingleSource/UnitTests/2006-01-23-UnionInit,*,*
SingleSource/UnitTests/2006-01-29-SimpleIndirectCall,*,*
SingleSource/UnitTests/2006-02-04-DivRem,*,1
SingleSource/UnitTests/2006-12-01-float_varg,*,*
SingleSource/UnitTests/2006-12-04-DynAllocAndRestore,*,2
SingleSource/UnitTests/2006-12-07-Compare64BitConstant,*,1
SingleSource/UnitTests/2006-12-11-LoadConstants,*,*
SingleSource/UnitTests/2007-01-04-KNR-Args,*,*
SingleSource/UnitTests/2007-03-02-VaCopy,*,1
SingleSource/UnitTests/2007-04-10-BitfieldTest,*,*
SingleSource/UnitTests/2008-04-18-LoopBug,1,2
SingleSource/UnitTests/2008-04-20-LoopBug2,1,2
SingleSource/UnitTests/2008-07-13-InlineSetjmp,*,1
SingleSource/UnitTests/2009-04-16-BitfieldInitialization,*,*
SingleSource/UnitTests/2009-12-07-StructReturn,*,1
SingleSource/UnitTests/2010-05-24-BitfieldTest,*,*
SingleSource/UnitTests/AtomicOps,*,2
SingleSource/UnitTests/block-byref-cxxobj-test,*,6
SingleSource/UnitTests/block-byref-test,*,2
SingleSource/UnitTests/block-call-r7674133,*,2
SingleSource/UnitTests/block-copied-in-cxxobj-1,*,1
SingleSource/UnitTests/block-copied-in-cxxobj,*,9
SingleSource/UnitTests/blockstret,*,6
SingleSource/UnitTests/byval-alignment,*,*
SingleSource/UnitTests/conditional-gnu-ext-cxx,*,4
SingleSource/UnitTests/conditional-gnu-ext,*,2
SingleSource/UnitTests/DefaultInitDynArrays,*,3
SingleSource/UnitTests/FloatPrecision,*,*
SingleSource/UnitTests/initp1,*,28
SingleSource/UnitTests/member-function-pointers,*,4
SingleSource/UnitTests/ms_struct-bitfield-1,*,3
SingleSource/UnitTests/ms_struct-bitfield-init-1,*,16
SingleSource/UnitTests/ms_struct-bitfield-init,*,8
SingleSource/UnitTests/ms_struct-bitfield,*,*
SingleSource/UnitTests/ms_struct_pack_layout-1,*,*
SingleSource/UnitTests/ms_struct_pack_layout,*,21
SingleSource/UnitTests/printargs,*,1
SingleSource/UnitTests/stmtexpr,1,5
SingleSource/UnitTests/StructModifyTest,*,*
SingleSource/UnitTests/TestLoop,*,2
SingleSource/UnitTests/vla,*,7
SingleSource/UnitTests/SignlessTypes/Large/cast,*,2
SingleSource/UnitTests/SignlessTypes/cast-bug,*,2
SingleSource/UnitTests/SignlessTypes/cast2,*,2
SingleSource/UnitTests/SignlessTypes/ccc,*,1
SingleSource/UnitTests/SignlessTypes/div,*,4
SingleSource/UnitTests/SignlessTypes/factor,*,10
SingleSource/UnitTests/SignlessTypes/rem,14,115
SingleSource/UnitTests/SignlessTypes/shr,*,*
SingleSource/UnitTests/Vector/build,*,*
SingleSource/UnitTests/Vector/build2,*,*
SingleSource/UnitTests/Vector/divides,*,*
SingleSource/UnitTests/Vector/multiplies,*,9
SingleSource/UnitTests/Vector/simple,*,5
SingleSource/UnitTests/Vector/sumarray-dbl,*,2
SingleSource/UnitTests/Vector/sumarray,*,2
SingleSource/UnitTests/Vector/SSE/sse.expandfft,*,*
SingleSource/UnitTests/Vector/SSE/sse.isamax,*,*
SingleSource/UnitTests/Vector/SSE/sse.shift,*,*
SingleSource/UnitTests/Vector/SSE/sse.stepfft,*,*
SingleSource/UnitTests/Vectorizer/gcc-loops,*,58
